"Date","Price","Type"
2023-01-02,68.1,"Actual"
2023-01-03,66.1,"Actual"
2023-01-04,65.5,"Actual"
2023-01-05,65.8,"Actual"
2023-01-09,66.8,"Actual"
2023-01-10,64.8,"Actual"
2023-01-11,64.3,"Actual"
2023-01-12,65,"Actual"
2023-01-13,63.1,"Actual"
2023-01-17,64.4,"Actual"
2023-01-18,64.4,"Actual"
2023-01-19,63.5,"Actual"
2023-01-20,64.7,"Actual"
2023-01-23,62.1,"Actual"
2023-01-24,68,"Actual"
2023-01-25,68,"Actual"
2023-01-26,65.7,"Actual"
2023-01-27,66,"Actual"
2023-01-30,66.2,"Actual"
2023-01-31,66.4,"Actual"
2023-02-01,66.5,"Actual"
2023-02-02,68,"Actual"
2023-02-03,67,"Actual"
2023-02-07,70,"Actual"
2023-02-08,72,"Actual"
2023-02-09,71.9,"Actual"
2023-02-10,72.5,"Actual"
2023-02-13,71,"Actual"
2023-02-14,69,"Actual"
2023-02-15,70,"Actual"
2023-02-16,71.2,"Actual"
2023-02-17,72,"Actual"
2023-02-21,82.9,"Actual"
2023-02-22,85,"Actual"
2023-02-23,89.9,"Actual"
2023-02-24,86.3,"Actual"
2023-02-27,85.8,"Actual"
2023-02-28,84.6,"Actual"
2023-03-01,84.4,"Actual"
2023-03-02,85,"Actual"
2023-03-03,89,"Actual"
2023-03-07,84,"Actual"
2023-03-08,84.5,"Actual"
2023-03-09,82.8,"Actual"
2023-03-10,83.1,"Actual"
2023-03-13,80.9,"Actual"
2023-03-14,81.1,"Actual"
2023-03-15,80,"Actual"
2023-03-16,80,"Actual"
2023-03-17,79.5,"Actual"
2023-03-20,84.9,"Actual"
2023-03-24,111,"Actual"
2023-03-27,112,"Actual"
2023-03-28,112,"Actual"
2023-03-29,102.25,"Actual"
2023-03-30,96,"Actual"
2023-03-31,94.7,"Actual"
2023-04-03,90.9,"Actual"
2023-04-04,91.5,"Actual"
2023-04-06,102,"Actual"
2023-04-10,98,"Actual"
2023-04-11,101.5,"Actual"
2023-04-12,99.4,"Actual"
2023-04-13,99.6638032057666,"Forecast"
2023-04-14,100.885961326761,"Forecast"
2023-04-15,102.860565821711,"Forecast"
2023-04-16,103.004696320043,"Forecast"
2023-04-17,104.060964868145,"Forecast"
2023-04-18,104.311260397007,"Forecast"
2023-04-19,105.048215466174,"Forecast"
2023-04-20,105.930129384897,"Forecast"
2023-04-21,106.834495621504,"Forecast"
2023-04-22,107.507468952483,"Forecast"
2023-04-23,108.282927561005,"Forecast"
2023-04-24,108.953414481331,"Forecast"
2023-04-25,109.715472283413,"Forecast"
2023-04-26,110.494178668261,"Forecast"
2023-04-27,111.265280403967,"Forecast"
2023-04-28,112.006506602749,"Forecast"
2023-04-29,112.758375116567,"Forecast"
2023-04-30,113.498400431741,"Forecast"
2023-05-01,114.254417095161,"Forecast"
2023-05-02,115.011553642493,"Forecast"
2023-05-03,115.766207054991,"Forecast"
2023-05-04,116.516856173737,"Forecast"
2023-05-05,117.268565236439,"Forecast"
2023-05-06,118.019270144132,"Forecast"
2023-05-07,118.77259392443,"Forecast"
2023-05-08,119.525809330947,"Forecast"
2023-05-09,120.278481975416,"Forecast"
2023-05-10,121.03059582192,"Forecast"
2023-05-11,121.782827974614,"Forecast"
2023-05-12,122.535044745733,"Forecast"
2023-05-13,123.287665544427,"Forecast"
2023-05-14,124.040220617489,"Forecast"
2023-05-15,124.792671504727,"Forecast"
2023-05-16,125.545042496736,"Forecast"
2023-05-17,126.297432573012,"Forecast"
2023-05-18,127.049841975883,"Forecast"
2023-05-19,127.802309972567,"Forecast"
2023-05-20,128.554759726245,"Forecast"
2023-05-21,129.307190679323,"Forecast"
2023-05-22,130.059610306968,"Forecast"
2023-05-23,130.812034228046,"Forecast"
2023-05-24,131.564464237538,"Forecast"
2023-05-25,132.316902139828,"Forecast"
2023-05-26,133.069335925619,"Forecast"
2023-05-27,133.821766450244,"Forecast"
2023-05-28,134.574195457739,"Forecast"
2023-05-29,135.326625507891,"Forecast"
2023-05-30,136.079056900959,"Forecast"
2023-05-31,136.831489250192,"Forecast"
2023-06-01,137.58392075924,"Forecast"
2023-06-02,138.336351722256,"Forecast"
2023-06-03,139.088782508381,"Forecast"
2023-06-04,139.841213535524,"Forecast"
2023-06-05,140.593644815101,"Forecast"
2023-06-06,141.346076189556,"Forecast"
2023-06-07,142.098507402781,"Forecast"
2023-06-08,142.850938528251,"Forecast"
2023-06-09,143.603369639792,"Forecast"
2023-06-10,144.355800803086,"Forecast"
2023-06-11,145.108232008964,"Forecast"
2023-06-12,145.860663219613,"Forecast"
2023-06-13,146.613094400677,"Forecast"
2023-06-14,147.365525568387,"Forecast"
2023-06-15,148.117956736822,"Forecast"
2023-06-16,148.870387915616,"Forecast"
2023-06-17,149.622819100932,"Forecast"
2023-06-18,150.375250285224,"Forecast"
2023-06-19,151.127681464288,"Forecast"
2023-06-20,151.880112641476,"Forecast"
2023-06-21,152.632543819349,"Forecast"
2023-06-22,153.384974999168,"Forecast"
2023-06-23,154.137406179881,"Forecast"
2023-06-24,154.889837360134,"Forecast"
2023-06-25,155.642268539496,"Forecast"
2023-06-26,156.394699718628,"Forecast"
2023-06-27,157.147130897972,"Forecast"
2023-06-28,157.899562077662,"Forecast"
2023-06-29,158.651993257454,"Forecast"
2023-06-30,159.404424437125,"Forecast"
2023-07-01,160.156855616651,"Forecast"
2023-07-02,160.909286796156,"Forecast"
2023-07-03,161.661717975712,"Forecast"
2023-07-04,162.414149155326,"Forecast"
2023-07-05,163.166580334948,"Forecast"
2023-07-06,163.919011514543,"Forecast"
2023-07-07,164.671442694115,"Forecast"
2023-07-08,165.423873873687,"Forecast"
2023-07-09,166.176305053271,"Forecast"
2023-07-10,166.928736232863,"Forecast"
2023-07-11,167.681167412455,"Forecast"
2023-07-12,168.433598592042,"Forecast"
2023-07-13,169.186029771625,"Forecast"
2023-07-14,169.938460951209,"Forecast"
2023-07-15,170.690892130795,"Forecast"
2023-07-16,171.443323310382,"Forecast"
2023-07-17,172.195754489969,"Forecast"
2023-07-18,172.948185669555,"Forecast"
2023-07-19,173.700616849141,"Forecast"
2023-07-20,174.453048028727,"Forecast"
2023-07-21,175.205479208313,"Forecast"
2023-07-22,175.957910387899,"Forecast"
2023-07-23,176.710341567486,"Forecast"
2023-07-24,177.462772747072,"Forecast"
2023-07-25,178.215203926658,"Forecast"
2023-07-26,178.967635106244,"Forecast"
2023-07-27,179.72006628583,"Forecast"
2023-07-28,180.472497465416,"Forecast"
2023-07-29,181.224928645002,"Forecast"
2023-07-30,181.977359824588,"Forecast"
2023-07-31,182.729791004174,"Forecast"
2023-08-01,183.482222183761,"Forecast"
2023-08-02,184.234653363347,"Forecast"
2023-08-03,184.987084542933,"Forecast"
2023-08-04,185.739515722519,"Forecast"
2023-08-05,186.491946902105,"Forecast"
2023-08-06,187.244378081691,"Forecast"
2023-08-07,187.996809261277,"Forecast"
2023-08-08,188.749240440863,"Forecast"
2023-08-09,189.501671620449,"Forecast"
2023-08-10,190.254102800035,"Forecast"
2023-08-11,191.006533979622,"Forecast"
2023-08-12,191.758965159208,"Forecast"
2023-08-13,192.511396338794,"Forecast"
2023-08-14,193.26382751838,"Forecast"
2023-08-15,194.016258697966,"Forecast"
2023-08-16,194.768689877552,"Forecast"
2023-08-17,195.521121057138,"Forecast"
2023-08-18,196.273552236724,"Forecast"
2023-08-19,197.02598341631,"Forecast"
2023-08-20,197.778414595896,"Forecast"
2023-08-21,198.530845775483,"Forecast"
2023-08-22,199.283276955069,"Forecast"
2023-08-23,200.035708134655,"Forecast"
2023-08-24,200.788139314241,"Forecast"
2023-08-25,201.540570493827,"Forecast"
2023-08-26,202.293001673413,"Forecast"
2023-08-27,203.045432852999,"Forecast"
2023-08-28,203.797864032585,"Forecast"
2023-08-29,204.550295212171,"Forecast"
2023-08-30,205.302726391757,"Forecast"
2023-08-31,206.055157571343,"Forecast"
2023-09-01,206.80758875093,"Forecast"
2023-09-02,207.560019930516,"Forecast"
2023-09-03,208.312451110102,"Forecast"
2023-09-04,209.064882289688,"Forecast"
2023-09-05,209.817313469274,"Forecast"
2023-09-06,210.56974464886,"Forecast"
2023-09-07,211.322175828446,"Forecast"
2023-09-08,212.074607008032,"Forecast"
2023-09-09,212.827038187618,"Forecast"
2023-09-10,213.579469367204,"Forecast"
2023-09-11,214.331900546791,"Forecast"
2023-09-12,215.084331726377,"Forecast"
2023-09-13,215.836762905963,"Forecast"
2023-09-14,216.589194085549,"Forecast"
2023-09-15,217.341625265135,"Forecast"
2023-09-16,218.094056444721,"Forecast"
2023-09-17,218.846487624307,"Forecast"
2023-09-18,219.598918803893,"Forecast"
2023-09-19,220.351349983479,"Forecast"
2023-09-20,221.103781163065,"Forecast"
2023-09-21,221.856212342652,"Forecast"
2023-09-22,222.608643522238,"Forecast"
2023-09-23,223.361074701824,"Forecast"
2023-09-24,224.11350588141,"Forecast"
2023-09-25,224.865937060996,"Forecast"
2023-09-26,225.618368240582,"Forecast"
2023-09-27,226.370799420168,"Forecast"
2023-09-28,227.123230599754,"Forecast"
2023-09-29,227.87566177934,"Forecast"
2023-09-30,228.628092958926,"Forecast"
2023-10-01,229.380524138512,"Forecast"
2023-10-02,230.132955318099,"Forecast"
2023-10-03,230.885386497685,"Forecast"
2023-10-04,231.637817677271,"Forecast"
2023-10-05,232.390248856857,"Forecast"
2023-10-06,233.142680036443,"Forecast"
2023-10-07,233.895111216029,"Forecast"
2023-10-08,234.647542395615,"Forecast"
2023-10-09,235.399973575201,"Forecast"
2023-10-10,236.152404754787,"Forecast"
2023-10-11,236.904835934373,"Forecast"
2023-10-12,237.65726711396,"Forecast"
2023-10-13,238.409698293546,"Forecast"
2023-10-14,239.162129473132,"Forecast"
2023-10-15,239.914560652718,"Forecast"
2023-10-16,240.666991832304,"Forecast"
2023-10-17,241.41942301189,"Forecast"
2023-10-18,242.171854191476,"Forecast"
2023-10-19,242.924285371062,"Forecast"
2023-10-20,243.676716550648,"Forecast"
2023-10-21,244.429147730234,"Forecast"
2023-10-22,245.181578909821,"Forecast"
2023-10-23,245.934010089407,"Forecast"
2023-10-24,246.686441268993,"Forecast"
2023-10-25,247.438872448579,"Forecast"
2023-10-26,248.191303628165,"Forecast"
2023-10-27,248.943734807751,"Forecast"
2023-10-28,249.696165987337,"Forecast"
2023-10-29,250.448597166923,"Forecast"
2023-10-30,251.201028346509,"Forecast"
2023-10-31,251.953459526095,"Forecast"
2023-11-01,252.705890705681,"Forecast"
2023-11-02,253.458321885268,"Forecast"
2023-11-03,254.210753064854,"Forecast"
2023-11-04,254.96318424444,"Forecast"
2023-11-05,255.715615424026,"Forecast"
2023-11-06,256.468046603612,"Forecast"
2023-11-07,257.220477783198,"Forecast"
2023-11-08,257.972908962784,"Forecast"
2023-11-09,258.72534014237,"Forecast"
2023-11-10,259.477771321956,"Forecast"
2023-11-11,260.230202501542,"Forecast"
2023-11-12,260.982633681129,"Forecast"
2023-11-13,261.735064860715,"Forecast"
2023-11-14,262.487496040301,"Forecast"
2023-11-15,263.239927219887,"Forecast"
2023-11-16,263.992358399473,"Forecast"
2023-11-17,264.744789579059,"Forecast"
2023-11-18,265.497220758645,"Forecast"
2023-11-19,266.249651938231,"Forecast"
2023-11-20,267.002083117817,"Forecast"
2023-11-21,267.754514297403,"Forecast"
2023-11-22,268.506945476989,"Forecast"
2023-11-23,269.259376656576,"Forecast"
2023-11-24,270.011807836162,"Forecast"
2023-11-25,270.764239015748,"Forecast"
2023-11-26,271.516670195334,"Forecast"
2023-11-27,272.26910137492,"Forecast"
2023-11-28,273.021532554506,"Forecast"
2023-11-29,273.773963734092,"Forecast"
2023-11-30,274.526394913678,"Forecast"
2023-12-01,275.278826093264,"Forecast"
2023-12-02,276.03125727285,"Forecast"
2023-12-03,276.783688452437,"Forecast"
2023-12-04,277.536119632023,"Forecast"
2023-12-05,278.288550811609,"Forecast"
2023-12-06,279.040981991195,"Forecast"
2023-12-07,279.793413170781,"Forecast"
2023-12-08,280.545844350367,"Forecast"
2023-12-09,281.298275529953,"Forecast"
2023-12-10,282.050706709539,"Forecast"
2023-12-11,282.803137889125,"Forecast"
2023-12-12,283.555569068711,"Forecast"
2023-12-13,284.308000248298,"Forecast"
2023-12-14,285.060431427884,"Forecast"
2023-12-15,285.81286260747,"Forecast"
2023-12-16,286.565293787056,"Forecast"
2023-12-17,287.317724966642,"Forecast"
2023-12-18,288.070156146228,"Forecast"
2023-12-19,288.822587325814,"Forecast"
2023-12-20,289.5750185054,"Forecast"
2023-12-21,290.327449684986,"Forecast"
2023-12-22,291.079880864572,"Forecast"
2023-12-23,291.832312044158,"Forecast"
2023-12-24,292.584743223745,"Forecast"
2023-12-25,293.337174403331,"Forecast"
2023-12-26,294.089605582917,"Forecast"
2023-12-27,294.842036762503,"Forecast"
2023-12-28,295.594467942089,"Forecast"
2023-12-29,296.346899121675,"Forecast"
2023-12-30,297.099330301261,"Forecast"
2023-12-31,297.851761480847,"Forecast"
2024-01-01,298.604192660433,"Forecast"
2024-01-02,299.356623840019,"Forecast"
2024-01-03,300.109055019606,"Forecast"
2024-01-04,300.861486199192,"Forecast"
2024-01-05,301.613917378778,"Forecast"
2024-01-06,302.366348558364,"Forecast"
2024-01-07,303.11877973795,"Forecast"
2024-01-08,303.871210917536,"Forecast"
2024-01-09,304.623642097122,"Forecast"
2024-01-10,305.376073276708,"Forecast"
2024-01-11,306.128504456294,"Forecast"
2024-01-12,306.88093563588,"Forecast"
2024-01-13,307.633366815467,"Forecast"
2024-01-14,308.385797995053,"Forecast"
2024-01-15,309.138229174639,"Forecast"
2024-01-16,309.890660354225,"Forecast"
2024-01-17,310.643091533811,"Forecast"
2024-01-18,311.395522713397,"Forecast"
2024-01-19,312.147953892983,"Forecast"
2024-01-20,312.900385072569,"Forecast"
2024-01-21,313.652816252155,"Forecast"
2024-01-22,314.405247431741,"Forecast"
2024-01-23,315.157678611327,"Forecast"
2024-01-24,315.910109790914,"Forecast"
2024-01-25,316.6625409705,"Forecast"
2024-01-26,317.414972150086,"Forecast"
2024-01-27,318.167403329672,"Forecast"
2024-01-28,318.919834509258,"Forecast"
2024-01-29,319.672265688844,"Forecast"
2024-01-30,320.42469686843,"Forecast"
2024-01-31,321.177128048016,"Forecast"
2024-02-01,321.929559227602,"Forecast"
2024-02-02,322.681990407188,"Forecast"
2024-02-03,323.434421586775,"Forecast"
2024-02-04,324.186852766361,"Forecast"
2024-02-05,324.939283945947,"Forecast"
2024-02-06,325.691715125533,"Forecast"
2024-02-07,326.444146305119,"Forecast"
2024-02-08,327.196577484705,"Forecast"
2024-02-09,327.949008664291,"Forecast"
2024-02-10,328.701439843877,"Forecast"
2024-02-11,329.453871023463,"Forecast"
2024-02-12,330.206302203049,"Forecast"
2024-02-13,330.958733382636,"Forecast"
2024-02-14,331.711164562222,"Forecast"
2024-02-15,332.463595741808,"Forecast"
2024-02-16,333.216026921394,"Forecast"
2024-02-17,333.96845810098,"Forecast"
2024-02-18,334.720889280566,"Forecast"
2024-02-19,335.473320460152,"Forecast"
2024-02-20,336.225751639738,"Forecast"
2024-02-21,336.978182819324,"Forecast"
2024-02-22,337.73061399891,"Forecast"
2024-02-23,338.483045178496,"Forecast"
2024-02-24,339.235476358083,"Forecast"
2024-02-25,339.987907537669,"Forecast"
2024-02-26,340.740338717255,"Forecast"
2024-02-27,341.492769896841,"Forecast"
2024-02-28,342.245201076427,"Forecast"
2024-02-29,342.997632256013,"Forecast"
2024-03-01,343.750063435599,"Forecast"
2024-03-02,344.502494615185,"Forecast"
2024-03-03,345.254925794771,"Forecast"
2024-03-04,346.007356974357,"Forecast"
2024-03-05,346.759788153944,"Forecast"
2024-03-06,347.51221933353,"Forecast"
2024-03-07,348.264650513116,"Forecast"
2024-03-08,349.017081692702,"Forecast"
2024-03-09,349.769512872288,"Forecast"
2024-03-10,350.521944051874,"Forecast"
2024-03-11,351.27437523146,"Forecast"
2024-03-12,352.026806411046,"Forecast"
2024-03-13,352.779237590632,"Forecast"
2024-03-14,353.531668770218,"Forecast"
2024-03-15,354.284099949804,"Forecast"
2024-03-16,355.036531129391,"Forecast"
2024-03-17,355.788962308977,"Forecast"
2024-03-18,356.541393488563,"Forecast"
2024-03-19,357.293824668149,"Forecast"
2024-03-20,358.046255847735,"Forecast"
2024-03-21,358.798687027321,"Forecast"
2024-03-22,359.551118206907,"Forecast"
2024-03-23,360.303549386493,"Forecast"
2024-03-24,361.055980566079,"Forecast"
2024-03-25,361.808411745665,"Forecast"
2024-03-26,362.560842925252,"Forecast"
2024-03-27,363.313274104838,"Forecast"
2024-03-28,364.065705284424,"Forecast"
2024-03-29,364.81813646401,"Forecast"
2024-03-30,365.570567643596,"Forecast"
2024-03-31,366.322998823182,"Forecast"
2024-04-01,367.075430002768,"Forecast"
2024-04-02,367.827861182354,"Forecast"
2024-04-03,368.58029236194,"Forecast"
2024-04-04,369.332723541526,"Forecast"
2024-04-05,370.085154721113,"Forecast"
2024-04-06,370.837585900699,"Forecast"
2024-04-07,371.590017080285,"Forecast"
2024-04-08,372.342448259871,"Forecast"
2024-04-09,373.094879439457,"Forecast"
2024-04-10,373.847310619043,"Forecast"
2024-04-11,374.599741798629,"Forecast"
2024-04-12,375.352172978215,"Forecast"
2024-04-13,376.104604157801,"Forecast"
2024-04-14,376.857035337387,"Forecast"
2024-04-15,377.609466516973,"Forecast"
2024-04-16,378.36189769656,"Forecast"
2024-04-17,379.114328876146,"Forecast"
2024-04-18,379.866760055732,"Forecast"
2024-04-19,380.619191235318,"Forecast"
2024-04-20,381.371622414904,"Forecast"
2024-04-21,382.12405359449,"Forecast"
2024-04-22,382.876484774076,"Forecast"
2024-04-23,383.628915953662,"Forecast"
2024-04-24,384.381347133248,"Forecast"
2024-04-25,385.133778312834,"Forecast"
2024-04-26,385.886209492421,"Forecast"
2024-04-27,386.638640672007,"Forecast"
2024-04-28,387.391071851593,"Forecast"
2024-04-29,388.143503031179,"Forecast"
2024-04-30,388.895934210765,"Forecast"
2024-05-01,389.648365390351,"Forecast"
2024-05-02,390.400796569937,"Forecast"
2024-05-03,391.153227749523,"Forecast"
2024-05-04,391.905658929109,"Forecast"
2024-05-05,392.658090108695,"Forecast"
2024-05-06,393.410521288282,"Forecast"
2024-05-07,394.162952467868,"Forecast"
2024-05-08,394.915383647454,"Forecast"
2024-05-09,395.66781482704,"Forecast"
2024-05-10,396.420246006626,"Forecast"
2024-05-11,397.172677186212,"Forecast"
2024-05-12,397.925108365798,"Forecast"
2024-05-13,398.677539545384,"Forecast"
2024-05-14,399.42997072497,"Forecast"
2024-05-15,400.182401904556,"Forecast"
2024-05-16,400.934833084142,"Forecast"
2024-05-17,401.687264263729,"Forecast"
2024-05-18,402.439695443315,"Forecast"
2024-05-19,403.192126622901,"Forecast"
2024-05-20,403.944557802487,"Forecast"
2024-05-21,404.696988982073,"Forecast"
2024-05-22,405.449420161659,"Forecast"
2024-05-23,406.201851341245,"Forecast"
2024-05-24,406.954282520831,"Forecast"
2024-05-25,407.706713700417,"Forecast"
2024-05-26,408.459144880003,"Forecast"
2024-05-27,409.21157605959,"Forecast"
2024-05-28,409.964007239176,"Forecast"
2024-05-29,410.716438418762,"Forecast"
2024-05-30,411.468869598348,"Forecast"
2024-05-31,412.221300777934,"Forecast"
2024-06-01,412.97373195752,"Forecast"
2024-06-02,413.726163137106,"Forecast"
2024-06-03,414.478594316692,"Forecast"
2024-06-04,415.231025496278,"Forecast"
2024-06-05,415.983456675864,"Forecast"
2024-06-06,416.735887855451,"Forecast"
2024-06-07,417.488319035037,"Forecast"
2024-06-08,418.240750214623,"Forecast"
2024-06-09,418.993181394209,"Forecast"
2024-06-10,419.745612573795,"Forecast"
2024-06-11,420.498043753381,"Forecast"
2024-06-12,421.250474932967,"Forecast"
2024-06-13,422.002906112553,"Forecast"
2024-06-14,422.755337292139,"Forecast"
2024-06-15,423.507768471725,"Forecast"
2024-06-16,424.260199651311,"Forecast"
2024-06-17,425.012630830898,"Forecast"
2024-06-18,425.765062010484,"Forecast"
2024-06-19,426.51749319007,"Forecast"
2024-06-20,427.269924369656,"Forecast"
2024-06-21,428.022355549242,"Forecast"
2024-06-22,428.774786728828,"Forecast"
2024-06-23,429.527217908414,"Forecast"
2024-06-24,430.279649088,"Forecast"
2024-06-25,431.032080267586,"Forecast"
2024-06-26,431.784511447172,"Forecast"
2024-06-27,432.536942626759,"Forecast"
2024-06-28,433.289373806345,"Forecast"
2024-06-29,434.041804985931,"Forecast"
2024-06-30,434.794236165517,"Forecast"
2024-07-01,435.546667345103,"Forecast"
2024-07-02,436.299098524689,"Forecast"
2024-07-03,437.051529704275,"Forecast"
2024-07-04,437.803960883861,"Forecast"
2024-07-05,438.556392063447,"Forecast"
2024-07-06,439.308823243033,"Forecast"
2024-07-07,440.06125442262,"Forecast"
2024-07-08,440.813685602206,"Forecast"
2024-07-09,441.566116781792,"Forecast"
2024-07-10,442.318547961378,"Forecast"
2024-07-11,443.070979140964,"Forecast"
2024-07-12,443.82341032055,"Forecast"
2024-07-13,444.575841500136,"Forecast"
2024-07-14,445.328272679722,"Forecast"
2024-07-15,446.080703859308,"Forecast"
2024-07-16,446.833135038894,"Forecast"
2024-07-17,447.58556621848,"Forecast"
2024-07-18,448.337997398067,"Forecast"
2024-07-19,449.090428577653,"Forecast"
2024-07-20,449.842859757239,"Forecast"
2024-07-21,450.595290936825,"Forecast"
2024-07-22,451.347722116411,"Forecast"
2024-07-23,452.100153295997,"Forecast"
2024-07-24,452.852584475583,"Forecast"
2024-07-25,453.605015655169,"Forecast"
2024-07-26,454.357446834755,"Forecast"
2024-07-27,455.109878014341,"Forecast"
2024-07-28,455.862309193928,"Forecast"
2024-07-29,456.614740373514,"Forecast"
2024-07-30,457.3671715531,"Forecast"
2024-07-31,458.119602732686,"Forecast"
2024-08-01,458.872033912272,"Forecast"
2024-08-02,459.624465091858,"Forecast"
2024-08-03,460.376896271444,"Forecast"
2024-08-04,461.12932745103,"Forecast"
2024-08-05,461.881758630616,"Forecast"
2024-08-06,462.634189810202,"Forecast"
2024-08-07,463.386620989789,"Forecast"
2024-08-08,464.139052169375,"Forecast"
2024-08-09,464.891483348961,"Forecast"
2024-08-10,465.643914528547,"Forecast"
2024-08-11,466.396345708133,"Forecast"
2024-08-12,467.148776887719,"Forecast"
2024-08-13,467.901208067305,"Forecast"
2024-08-14,468.653639246891,"Forecast"
2024-08-15,469.406070426477,"Forecast"
2024-08-16,470.158501606063,"Forecast"
2024-08-17,470.910932785649,"Forecast"
2024-08-18,471.663363965236,"Forecast"
2024-08-19,472.415795144822,"Forecast"
2024-08-20,473.168226324408,"Forecast"
2024-08-21,473.920657503994,"Forecast"
2024-08-22,474.67308868358,"Forecast"
2024-08-23,475.425519863166,"Forecast"
2024-08-24,476.177951042752,"Forecast"
2024-08-25,476.930382222338,"Forecast"
2024-08-26,477.682813401924,"Forecast"
2024-08-27,478.43524458151,"Forecast"
2024-08-28,479.187675761097,"Forecast"
2024-08-29,479.940106940683,"Forecast"
2024-08-30,480.692538120269,"Forecast"
2024-08-31,481.444969299855,"Forecast"
2024-09-01,482.197400479441,"Forecast"
2024-09-02,482.949831659027,"Forecast"
2024-09-03,483.702262838613,"Forecast"
2024-09-04,484.454694018199,"Forecast"
2024-09-05,485.207125197785,"Forecast"
2024-09-06,485.959556377371,"Forecast"
2024-09-07,486.711987556958,"Forecast"
2024-09-08,487.464418736544,"Forecast"
2024-09-09,488.21684991613,"Forecast"
2024-09-10,488.969281095716,"Forecast"
2024-09-11,489.721712275302,"Forecast"
2024-09-12,490.474143454888,"Forecast"
2024-09-13,491.226574634474,"Forecast"
2024-09-14,491.97900581406,"Forecast"
2024-09-15,492.731436993646,"Forecast"
2024-09-16,493.483868173232,"Forecast"
2024-09-17,494.236299352818,"Forecast"
2024-09-18,494.988730532405,"Forecast"
2024-09-19,495.741161711991,"Forecast"
2024-09-20,496.493592891577,"Forecast"
2024-09-21,497.246024071163,"Forecast"
2024-09-22,497.998455250749,"Forecast"
2024-09-23,498.750886430335,"Forecast"
2024-09-24,499.503317609921,"Forecast"
2024-09-25,500.255748789507,"Forecast"
2024-09-26,501.008179969093,"Forecast"
2024-09-27,501.760611148679,"Forecast"
2024-09-28,502.513042328266,"Forecast"
2024-09-29,503.265473507852,"Forecast"
2024-09-30,504.017904687438,"Forecast"
2024-10-01,504.770335867024,"Forecast"
2024-10-02,505.52276704661,"Forecast"
2024-10-03,506.275198226196,"Forecast"
2024-10-04,507.027629405782,"Forecast"
2024-10-05,507.780060585368,"Forecast"
2024-10-06,508.532491764954,"Forecast"
2024-10-07,509.28492294454,"Forecast"
2024-10-08,510.037354124127,"Forecast"
2024-10-09,510.789785303713,"Forecast"
2024-10-10,511.542216483299,"Forecast"
2024-10-11,512.294647662885,"Forecast"
2024-10-12,513.047078842471,"Forecast"
2024-10-13,513.799510022057,"Forecast"
2024-10-14,514.551941201643,"Forecast"
2024-10-15,515.304372381229,"Forecast"
2024-10-16,516.056803560815,"Forecast"
2024-10-17,516.809234740401,"Forecast"
2024-10-18,517.561665919987,"Forecast"
2024-10-19,518.314097099574,"Forecast"
2024-10-20,519.06652827916,"Forecast"
2024-10-21,519.818959458746,"Forecast"
2024-10-22,520.571390638332,"Forecast"
2024-10-23,521.323821817918,"Forecast"
2024-10-24,522.076252997504,"Forecast"
2024-10-25,522.82868417709,"Forecast"
2024-10-26,523.581115356676,"Forecast"
2024-10-27,524.333546536262,"Forecast"
2024-10-28,525.085977715848,"Forecast"
2024-10-29,525.838408895435,"Forecast"
2024-10-30,526.590840075021,"Forecast"
2024-10-31,527.343271254607,"Forecast"
2024-11-01,528.095702434193,"Forecast"
2024-11-02,528.848133613779,"Forecast"
2024-11-03,529.600564793365,"Forecast"
2024-11-04,530.352995972951,"Forecast"
2024-11-05,531.105427152537,"Forecast"
2024-11-06,531.857858332123,"Forecast"
2024-11-07,532.610289511709,"Forecast"
2024-11-08,533.362720691296,"Forecast"
2024-11-09,534.115151870882,"Forecast"
2024-11-10,534.867583050468,"Forecast"
2024-11-11,535.620014230054,"Forecast"
2024-11-12,536.37244540964,"Forecast"
2024-11-13,537.124876589226,"Forecast"
2024-11-14,537.877307768812,"Forecast"
2024-11-15,538.629738948398,"Forecast"
2024-11-16,539.382170127984,"Forecast"
2024-11-17,540.13460130757,"Forecast"
2024-11-18,540.887032487156,"Forecast"
2024-11-19,541.639463666743,"Forecast"
2024-11-20,542.391894846329,"Forecast"
2024-11-21,543.144326025915,"Forecast"
2024-11-22,543.896757205501,"Forecast"
2024-11-23,544.649188385087,"Forecast"
2024-11-24,545.401619564673,"Forecast"
2024-11-25,546.154050744259,"Forecast"
2024-11-26,546.906481923845,"Forecast"
2024-11-27,547.658913103431,"Forecast"
2024-11-28,548.411344283017,"Forecast"
2024-11-29,549.163775462604,"Forecast"
2024-11-30,549.91620664219,"Forecast"
2024-12-01,550.668637821776,"Forecast"
2024-12-02,551.421069001362,"Forecast"
2024-12-03,552.173500180948,"Forecast"
2024-12-04,552.925931360534,"Forecast"
2024-12-05,553.67836254012,"Forecast"
2024-12-06,554.430793719706,"Forecast"
2024-12-07,555.183224899292,"Forecast"
2024-12-08,555.935656078878,"Forecast"
2024-12-09,556.688087258465,"Forecast"
2024-12-10,557.440518438051,"Forecast"
2024-12-11,558.192949617637,"Forecast"
2024-12-12,558.945380797223,"Forecast"
2024-12-13,559.697811976809,"Forecast"
2024-12-14,560.450243156395,"Forecast"
2024-12-15,561.202674335981,"Forecast"
2024-12-16,561.955105515567,"Forecast"
2024-12-17,562.707536695153,"Forecast"
2024-12-18,563.459967874739,"Forecast"
2024-12-19,564.212399054325,"Forecast"
2024-12-20,564.964830233912,"Forecast"
2024-12-21,565.717261413498,"Forecast"
2024-12-22,566.469692593084,"Forecast"
2024-12-23,567.22212377267,"Forecast"
2024-12-24,567.974554952256,"Forecast"
2024-12-25,568.726986131842,"Forecast"
2024-12-26,569.479417311428,"Forecast"
2024-12-27,570.231848491014,"Forecast"
2024-12-28,570.9842796706,"Forecast"
2024-12-29,571.736710850186,"Forecast"
2024-12-30,572.489142029773,"Forecast"
2024-12-31,573.241573209359,"Forecast"
2025-01-01,573.994004388945,"Forecast"
2025-01-02,574.746435568531,"Forecast"
2025-01-03,575.498866748117,"Forecast"
2025-01-04,576.251297927703,"Forecast"
2025-01-05,577.003729107289,"Forecast"
2025-01-06,577.756160286875,"Forecast"
2025-01-07,578.508591466461,"Forecast"
2025-01-08,579.261022646047,"Forecast"
2025-01-09,580.013453825634,"Forecast"
2025-01-10,580.76588500522,"Forecast"
2025-01-11,581.518316184806,"Forecast"
2025-01-12,582.270747364392,"Forecast"
2025-01-13,583.023178543978,"Forecast"
2025-01-14,583.775609723564,"Forecast"
2025-01-15,584.52804090315,"Forecast"
2025-01-16,585.280472082736,"Forecast"
2025-01-17,586.032903262322,"Forecast"
2025-01-18,586.785334441908,"Forecast"
2025-01-19,587.537765621494,"Forecast"
2025-01-20,588.290196801081,"Forecast"
2025-01-21,589.042627980667,"Forecast"
2025-01-22,589.795059160253,"Forecast"
2025-01-23,590.547490339839,"Forecast"
2025-01-24,591.299921519425,"Forecast"
2025-01-25,592.052352699011,"Forecast"
2025-01-26,592.804783878597,"Forecast"
2025-01-27,593.557215058183,"Forecast"
2025-01-28,594.309646237769,"Forecast"
2025-01-29,595.062077417355,"Forecast"
2025-01-30,595.814508596942,"Forecast"
2025-01-31,596.566939776528,"Forecast"
2025-02-01,597.319370956114,"Forecast"
2025-02-02,598.0718021357,"Forecast"
2025-02-03,598.824233315286,"Forecast"
2025-02-04,599.576664494872,"Forecast"
2025-02-05,600.329095674458,"Forecast"
2025-02-06,601.081526854044,"Forecast"
2025-02-07,601.83395803363,"Forecast"
2025-02-08,602.586389213216,"Forecast"
2025-02-09,603.338820392803,"Forecast"
2025-02-10,604.091251572389,"Forecast"
2025-02-11,604.843682751975,"Forecast"
2025-02-12,605.596113931561,"Forecast"
2025-02-13,606.348545111147,"Forecast"
2025-02-14,607.100976290733,"Forecast"
2025-02-15,607.853407470319,"Forecast"
2025-02-16,608.605838649905,"Forecast"
2025-02-17,609.358269829491,"Forecast"
2025-02-18,610.110701009077,"Forecast"
2025-02-19,610.863132188663,"Forecast"
2025-02-20,611.61556336825,"Forecast"
2025-02-21,612.367994547836,"Forecast"
2025-02-22,613.120425727422,"Forecast"
2025-02-23,613.872856907008,"Forecast"
2025-02-24,614.625288086594,"Forecast"
2025-02-25,615.37771926618,"Forecast"
2025-02-26,616.130150445766,"Forecast"
2025-02-27,616.882581625352,"Forecast"
2025-02-28,617.635012804938,"Forecast"
2025-03-01,618.387443984524,"Forecast"
2025-03-02,619.139875164111,"Forecast"
2025-03-03,619.892306343697,"Forecast"
2025-03-04,620.644737523283,"Forecast"
2025-03-05,621.397168702869,"Forecast"
2025-03-06,622.149599882455,"Forecast"
2025-03-07,622.902031062041,"Forecast"
2025-03-08,623.654462241627,"Forecast"
2025-03-09,624.406893421213,"Forecast"
2025-03-10,625.159324600799,"Forecast"
2025-03-11,625.911755780385,"Forecast"
2025-03-12,626.664186959972,"Forecast"
2025-03-13,627.416618139558,"Forecast"
2025-03-14,628.169049319144,"Forecast"
2025-03-15,628.92148049873,"Forecast"
2025-03-16,629.673911678316,"Forecast"
2025-03-17,630.426342857902,"Forecast"
2025-03-18,631.178774037488,"Forecast"
2025-03-19,631.931205217074,"Forecast"
2025-03-20,632.68363639666,"Forecast"
2025-03-21,633.436067576246,"Forecast"
2025-03-22,634.188498755832,"Forecast"
2025-03-23,634.940929935419,"Forecast"
2025-03-24,635.693361115005,"Forecast"
2025-03-25,636.445792294591,"Forecast"
2025-03-26,637.198223474177,"Forecast"
2025-03-27,637.950654653763,"Forecast"
2025-03-28,638.703085833349,"Forecast"
2025-03-29,639.455517012935,"Forecast"
2025-03-30,640.207948192521,"Forecast"
2025-03-31,640.960379372107,"Forecast"
2025-04-01,641.712810551693,"Forecast"
2025-04-02,642.46524173128,"Forecast"
2025-04-03,643.217672910866,"Forecast"
2025-04-04,643.970104090452,"Forecast"
2025-04-05,644.722535270038,"Forecast"
2025-04-06,645.474966449624,"Forecast"
2025-04-07,646.22739762921,"Forecast"
2025-04-08,646.979828808796,"Forecast"
2025-04-09,647.732259988382,"Forecast"
2025-04-10,648.484691167968,"Forecast"
2025-04-11,649.237122347554,"Forecast"
2025-04-12,649.989553527141,"Forecast"
2025-04-13,650.741984706727,"Forecast"
2025-04-14,651.494415886313,"Forecast"
2025-04-15,652.246847065899,"Forecast"
2025-04-16,652.999278245485,"Forecast"
2025-04-17,653.751709425071,"Forecast"
2025-04-18,654.504140604657,"Forecast"
2025-04-19,655.256571784243,"Forecast"
2025-04-20,656.009002963829,"Forecast"
2025-04-21,656.761434143415,"Forecast"
2025-04-22,657.513865323001,"Forecast"
2025-04-23,658.266296502588,"Forecast"
2025-04-24,659.018727682174,"Forecast"
2025-04-25,659.77115886176,"Forecast"
2025-04-26,660.523590041346,"Forecast"
2025-04-27,661.276021220932,"Forecast"
2025-04-28,662.028452400518,"Forecast"
2025-04-29,662.780883580104,"Forecast"
2025-04-30,663.53331475969,"Forecast"
2025-05-01,664.285745939276,"Forecast"
2025-05-02,665.038177118862,"Forecast"
2025-05-03,665.790608298449,"Forecast"
2025-05-04,666.543039478035,"Forecast"
2025-05-05,667.295470657621,"Forecast"
2025-05-06,668.047901837207,"Forecast"
2025-05-07,668.800333016793,"Forecast"
2025-05-08,669.552764196379,"Forecast"
2025-05-09,670.305195375965,"Forecast"
2025-05-10,671.057626555551,"Forecast"
2025-05-11,671.810057735137,"Forecast"
2025-05-12,672.562488914723,"Forecast"
2025-05-13,673.31492009431,"Forecast"
2025-05-14,674.067351273896,"Forecast"
2025-05-15,674.819782453482,"Forecast"
2025-05-16,675.572213633068,"Forecast"
2025-05-17,676.324644812654,"Forecast"
2025-05-18,677.07707599224,"Forecast"
2025-05-19,677.829507171826,"Forecast"
2025-05-20,678.581938351412,"Forecast"
2025-05-21,679.334369530998,"Forecast"
2025-05-22,680.086800710584,"Forecast"
2025-05-23,680.83923189017,"Forecast"
2025-05-24,681.591663069757,"Forecast"
2025-05-25,682.344094249343,"Forecast"
2025-05-26,683.096525428929,"Forecast"
2025-05-27,683.848956608515,"Forecast"
2025-05-28,684.601387788101,"Forecast"
2025-05-29,685.353818967687,"Forecast"
2025-05-30,686.106250147273,"Forecast"
2025-05-31,686.858681326859,"Forecast"
2025-06-01,687.611112506445,"Forecast"
2025-06-02,688.363543686031,"Forecast"
2025-06-03,689.115974865618,"Forecast"
2025-06-04,689.868406045204,"Forecast"
2025-06-05,690.62083722479,"Forecast"
2025-06-06,691.373268404376,"Forecast"
2025-06-07,692.125699583962,"Forecast"
2025-06-08,692.878130763548,"Forecast"
2025-06-09,693.630561943134,"Forecast"
2025-06-10,694.38299312272,"Forecast"
2025-06-11,695.135424302306,"Forecast"
2025-06-12,695.887855481892,"Forecast"
2025-06-13,696.640286661479,"Forecast"
2025-06-14,697.392717841065,"Forecast"
2025-06-15,698.145149020651,"Forecast"
2025-06-16,698.897580200237,"Forecast"
2025-06-17,699.650011379823,"Forecast"
2025-06-18,700.402442559409,"Forecast"
2025-06-19,701.154873738995,"Forecast"
2025-06-20,701.907304918581,"Forecast"
2025-06-21,702.659736098167,"Forecast"
2025-06-22,703.412167277753,"Forecast"
2025-06-23,704.164598457339,"Forecast"
2025-06-24,704.917029636926,"Forecast"
2025-06-25,705.669460816512,"Forecast"
2025-06-26,706.421891996098,"Forecast"
2025-06-27,707.174323175684,"Forecast"
2025-06-28,707.92675435527,"Forecast"
2025-06-29,708.679185534856,"Forecast"
2025-06-30,709.431616714442,"Forecast"
2025-07-01,710.184047894028,"Forecast"
2025-07-02,710.936479073614,"Forecast"
2025-07-03,711.6889102532,"Forecast"
2025-07-04,712.441341432787,"Forecast"
2025-07-05,713.193772612373,"Forecast"
2025-07-06,713.946203791959,"Forecast"
2025-07-07,714.698634971545,"Forecast"
2025-07-08,715.451066151131,"Forecast"
2025-07-09,716.203497330717,"Forecast"
2025-07-10,716.955928510303,"Forecast"
2025-07-11,717.708359689889,"Forecast"
2025-07-12,718.460790869475,"Forecast"
2025-07-13,719.213222049061,"Forecast"
2025-07-14,719.965653228648,"Forecast"
2025-07-15,720.718084408234,"Forecast"
2025-07-16,721.47051558782,"Forecast"
2025-07-17,722.222946767406,"Forecast"
2025-07-18,722.975377946992,"Forecast"
2025-07-19,723.727809126578,"Forecast"
2025-07-20,724.480240306164,"Forecast"
2025-07-21,725.23267148575,"Forecast"
2025-07-22,725.985102665336,"Forecast"
2025-07-23,726.737533844922,"Forecast"
2025-07-24,727.489965024508,"Forecast"
2025-07-25,728.242396204095,"Forecast"
2025-07-26,728.994827383681,"Forecast"
2025-07-27,729.747258563267,"Forecast"
2025-07-28,730.499689742853,"Forecast"
2025-07-29,731.252120922439,"Forecast"
2025-07-30,732.004552102025,"Forecast"
2025-07-31,732.756983281611,"Forecast"
2025-08-01,733.509414461197,"Forecast"
2025-08-02,734.261845640783,"Forecast"
2025-08-03,735.014276820369,"Forecast"
2025-08-04,735.766707999956,"Forecast"
2025-08-05,736.519139179542,"Forecast"
2025-08-06,737.271570359128,"Forecast"
2025-08-07,738.024001538714,"Forecast"
2025-08-08,738.7764327183,"Forecast"
2025-08-09,739.528863897886,"Forecast"
2025-08-10,740.281295077472,"Forecast"
2025-08-11,741.033726257058,"Forecast"
2025-08-12,741.786157436644,"Forecast"
2025-08-13,742.53858861623,"Forecast"
2025-08-14,743.291019795817,"Forecast"
2025-08-15,744.043450975403,"Forecast"
2025-08-16,744.795882154989,"Forecast"
2025-08-17,745.548313334575,"Forecast"
2025-08-18,746.300744514161,"Forecast"
2025-08-19,747.053175693747,"Forecast"
2025-08-20,747.805606873333,"Forecast"
2025-08-21,748.558038052919,"Forecast"
2025-08-22,749.310469232505,"Forecast"
2025-08-23,750.062900412091,"Forecast"
2025-08-24,750.815331591677,"Forecast"
2025-08-25,751.567762771264,"Forecast"
2025-08-26,752.32019395085,"Forecast"
2025-08-27,753.072625130436,"Forecast"
2025-08-28,753.825056310022,"Forecast"
2025-08-29,754.577487489608,"Forecast"
2025-08-30,755.329918669194,"Forecast"
2025-08-31,756.08234984878,"Forecast"
2025-09-01,756.834781028366,"Forecast"
2025-09-02,757.587212207952,"Forecast"
2025-09-03,758.339643387538,"Forecast"
2025-09-04,759.092074567125,"Forecast"
2025-09-05,759.844505746711,"Forecast"
2025-09-06,760.596936926297,"Forecast"
2025-09-07,761.349368105883,"Forecast"
2025-09-08,762.101799285469,"Forecast"
2025-09-09,762.854230465055,"Forecast"
2025-09-10,763.606661644641,"Forecast"
2025-09-11,764.359092824227,"Forecast"
2025-09-12,765.111524003813,"Forecast"
2025-09-13,765.863955183399,"Forecast"
2025-09-14,766.616386362986,"Forecast"
2025-09-15,767.368817542572,"Forecast"
2025-09-16,768.121248722158,"Forecast"
2025-09-17,768.873679901744,"Forecast"
2025-09-18,769.62611108133,"Forecast"
2025-09-19,770.378542260916,"Forecast"
2025-09-20,771.130973440502,"Forecast"
2025-09-21,771.883404620088,"Forecast"
2025-09-22,772.635835799674,"Forecast"
2025-09-23,773.38826697926,"Forecast"
2025-09-24,774.140698158846,"Forecast"
2025-09-25,774.893129338433,"Forecast"
2025-09-26,775.645560518019,"Forecast"
2025-09-27,776.397991697605,"Forecast"
2025-09-28,777.150422877191,"Forecast"
2025-09-29,777.902854056777,"Forecast"
2025-09-30,778.655285236363,"Forecast"
2025-10-01,779.407716415949,"Forecast"
2025-10-02,780.160147595535,"Forecast"
2025-10-03,780.912578775121,"Forecast"
2025-10-04,781.665009954707,"Forecast"
2025-10-05,782.417441134294,"Forecast"
2025-10-06,783.16987231388,"Forecast"
2025-10-07,783.922303493466,"Forecast"
2025-10-08,784.674734673052,"Forecast"
2025-10-09,785.427165852638,"Forecast"
2025-10-10,786.179597032224,"Forecast"
2025-10-11,786.93202821181,"Forecast"
2025-10-12,787.684459391396,"Forecast"
2025-10-13,788.436890570982,"Forecast"
2025-10-14,789.189321750568,"Forecast"
2025-10-15,789.941752930155,"Forecast"
2025-10-16,790.694184109741,"Forecast"
2025-10-17,791.446615289327,"Forecast"
2025-10-18,792.199046468913,"Forecast"
2025-10-19,792.951477648499,"Forecast"
2025-10-20,793.703908828085,"Forecast"
2025-10-21,794.456340007671,"Forecast"
2025-10-22,795.208771187257,"Forecast"
2025-10-23,795.961202366843,"Forecast"
2025-10-24,796.713633546429,"Forecast"
2025-10-25,797.466064726015,"Forecast"
2025-10-26,798.218495905602,"Forecast"
2025-10-27,798.970927085188,"Forecast"
2025-10-28,799.723358264774,"Forecast"
2025-10-29,800.47578944436,"Forecast"
2025-10-30,801.228220623946,"Forecast"
2025-10-31,801.980651803532,"Forecast"
2025-11-01,802.733082983118,"Forecast"
2025-11-02,803.485514162704,"Forecast"
2025-11-03,804.23794534229,"Forecast"
2025-11-04,804.990376521876,"Forecast"
2025-11-05,805.742807701463,"Forecast"
2025-11-06,806.495238881049,"Forecast"
2025-11-07,807.247670060635,"Forecast"
2025-11-08,808.000101240221,"Forecast"
2025-11-09,808.752532419807,"Forecast"
2025-11-10,809.504963599393,"Forecast"
2025-11-11,810.257394778979,"Forecast"
2025-11-12,811.009825958565,"Forecast"
2025-11-13,811.762257138151,"Forecast"
2025-11-14,812.514688317737,"Forecast"
2025-11-15,813.267119497324,"Forecast"
2025-11-16,814.01955067691,"Forecast"
2025-11-17,814.771981856496,"Forecast"
2025-11-18,815.524413036082,"Forecast"
2025-11-19,816.276844215668,"Forecast"
2025-11-20,817.029275395254,"Forecast"
2025-11-21,817.78170657484,"Forecast"
2025-11-22,818.534137754426,"Forecast"
2025-11-23,819.286568934012,"Forecast"
2025-11-24,820.039000113598,"Forecast"
2025-11-25,820.791431293184,"Forecast"
2025-11-26,821.543862472771,"Forecast"
2025-11-27,822.296293652357,"Forecast"
2025-11-28,823.048724831943,"Forecast"
2025-11-29,823.801156011529,"Forecast"
2025-11-30,824.553587191115,"Forecast"
2025-12-01,825.306018370701,"Forecast"
2025-12-02,826.058449550287,"Forecast"
2025-12-03,826.810880729873,"Forecast"
2025-12-04,827.563311909459,"Forecast"
2025-12-05,828.315743089045,"Forecast"
2025-12-06,829.068174268632,"Forecast"
2025-12-07,829.820605448218,"Forecast"
2025-12-08,830.573036627804,"Forecast"
2025-12-09,831.32546780739,"Forecast"
2025-12-10,832.077898986976,"Forecast"
2025-12-11,832.830330166562,"Forecast"
2025-12-12,833.582761346148,"Forecast"
2025-12-13,834.335192525734,"Forecast"
2025-12-14,835.08762370532,"Forecast"
2025-12-15,835.840054884906,"Forecast"
2025-12-16,836.592486064493,"Forecast"
2025-12-17,837.344917244079,"Forecast"
2025-12-18,838.097348423665,"Forecast"
2025-12-19,838.849779603251,"Forecast"
2025-12-20,839.602210782837,"Forecast"
2025-12-21,840.354641962423,"Forecast"
2025-12-22,841.107073142009,"Forecast"
2025-12-23,841.859504321595,"Forecast"
2025-12-24,842.611935501181,"Forecast"
2025-12-25,843.364366680767,"Forecast"
2025-12-26,844.116797860353,"Forecast"
2025-12-27,844.86922903994,"Forecast"
2025-12-28,845.621660219526,"Forecast"
2025-12-29,846.374091399112,"Forecast"
2025-12-30,847.126522578698,"Forecast"
2025-12-31,847.878953758284,"Forecast"
2026-01-01,848.63138493787,"Forecast"
2026-01-02,849.383816117456,"Forecast"
2026-01-03,850.136247297042,"Forecast"
2026-01-04,850.888678476628,"Forecast"
2026-01-05,851.641109656214,"Forecast"
2026-01-06,852.393540835801,"Forecast"
2026-01-07,853.145972015387,"Forecast"
2026-01-08,853.898403194973,"Forecast"
2026-01-09,854.650834374559,"Forecast"
2026-01-10,855.403265554145,"Forecast"
2026-01-11,856.155696733731,"Forecast"
2026-01-12,856.908127913317,"Forecast"
2026-01-13,857.660559092903,"Forecast"
2026-01-14,858.412990272489,"Forecast"
2026-01-15,859.165421452075,"Forecast"
2026-01-16,859.917852631662,"Forecast"
2026-01-17,860.670283811248,"Forecast"
2026-01-18,861.422714990834,"Forecast"
2026-01-19,862.17514617042,"Forecast"
2026-01-20,862.927577350006,"Forecast"
2026-01-21,863.680008529592,"Forecast"
2026-01-22,864.432439709178,"Forecast"
2026-01-23,865.184870888764,"Forecast"
2026-01-24,865.93730206835,"Forecast"
2026-01-25,866.689733247936,"Forecast"
2026-01-26,867.442164427522,"Forecast"
2026-01-27,868.194595607109,"Forecast"
2026-01-28,868.947026786695,"Forecast"
2026-01-29,869.699457966281,"Forecast"
2026-01-30,870.451889145867,"Forecast"
2026-01-31,871.204320325453,"Forecast"
2026-02-01,871.956751505039,"Forecast"
2026-02-02,872.709182684625,"Forecast"
2026-02-03,873.461613864211,"Forecast"
2026-02-04,874.214045043797,"Forecast"
2026-02-05,874.966476223383,"Forecast"
2026-02-06,875.71890740297,"Forecast"
2026-02-07,876.471338582556,"Forecast"
2026-02-08,877.223769762142,"Forecast"
2026-02-09,877.976200941728,"Forecast"
2026-02-10,878.728632121314,"Forecast"
2026-02-11,879.4810633009,"Forecast"
2026-02-12,880.233494480486,"Forecast"
2026-02-13,880.985925660072,"Forecast"
2026-02-14,881.738356839658,"Forecast"
2026-02-15,882.490788019244,"Forecast"
2026-02-16,883.243219198831,"Forecast"
2026-02-17,883.995650378417,"Forecast"
2026-02-18,884.748081558003,"Forecast"
2026-02-19,885.500512737589,"Forecast"
2026-02-20,886.252943917175,"Forecast"
2026-02-21,887.005375096761,"Forecast"
2026-02-22,887.757806276347,"Forecast"
2026-02-23,888.510237455933,"Forecast"
2026-02-24,889.262668635519,"Forecast"
2026-02-25,890.015099815105,"Forecast"
2026-02-26,890.767530994691,"Forecast"
2026-02-27,891.519962174278,"Forecast"
2026-02-28,892.272393353864,"Forecast"
2026-03-01,893.02482453345,"Forecast"
2026-03-02,893.777255713036,"Forecast"
2026-03-03,894.529686892622,"Forecast"
2026-03-04,895.282118072208,"Forecast"
2026-03-05,896.034549251794,"Forecast"
2026-03-06,896.78698043138,"Forecast"
2026-03-07,897.539411610966,"Forecast"
2026-03-08,898.291842790552,"Forecast"
2026-03-09,899.044273970139,"Forecast"
2026-03-10,899.796705149725,"Forecast"
2026-03-11,900.549136329311,"Forecast"
2026-03-12,901.301567508897,"Forecast"
2026-03-13,902.053998688483,"Forecast"
2026-03-14,902.806429868069,"Forecast"
2026-03-15,903.558861047655,"Forecast"
2026-03-16,904.311292227241,"Forecast"
2026-03-17,905.063723406827,"Forecast"
2026-03-18,905.816154586413,"Forecast"
2026-03-19,906.568585766,"Forecast"
2026-03-20,907.321016945586,"Forecast"
2026-03-21,908.073448125172,"Forecast"
2026-03-22,908.825879304758,"Forecast"
2026-03-23,909.578310484344,"Forecast"
2026-03-24,910.33074166393,"Forecast"
2026-03-25,911.083172843516,"Forecast"
2026-03-26,911.835604023102,"Forecast"
2026-03-27,912.588035202688,"Forecast"
2026-03-28,913.340466382274,"Forecast"
2026-03-29,914.09289756186,"Forecast"
2026-03-30,914.845328741447,"Forecast"
2026-03-31,915.597759921033,"Forecast"
2026-04-01,916.350191100619,"Forecast"
2026-04-02,917.102622280205,"Forecast"
2026-04-03,917.855053459791,"Forecast"
2026-04-04,918.607484639377,"Forecast"
2026-04-05,919.359915818963,"Forecast"
2026-04-06,920.112346998549,"Forecast"
2026-04-07,920.864778178135,"Forecast"
2026-04-08,921.617209357721,"Forecast"
2026-04-09,922.369640537308,"Forecast"
2026-04-10,923.122071716894,"Forecast"
2026-04-11,923.87450289648,"Forecast"
2026-04-12,924.626934076066,"Forecast"
2026-04-13,925.379365255652,"Forecast"
2026-04-14,926.131796435238,"Forecast"
2026-04-15,926.884227614824,"Forecast"
2026-04-16,927.63665879441,"Forecast"
2026-04-17,928.389089973996,"Forecast"
2026-04-18,929.141521153582,"Forecast"
2026-04-19,929.893952333168,"Forecast"
2026-04-20,930.646383512755,"Forecast"
2026-04-21,931.398814692341,"Forecast"
2026-04-22,932.151245871927,"Forecast"
2026-04-23,932.903677051513,"Forecast"
2026-04-24,933.656108231099,"Forecast"
2026-04-25,934.408539410685,"Forecast"
2026-04-26,935.160970590271,"Forecast"
2026-04-27,935.913401769857,"Forecast"
2026-04-28,936.665832949443,"Forecast"
2026-04-29,937.418264129029,"Forecast"
2026-04-30,938.170695308616,"Forecast"
2026-05-01,938.923126488202,"Forecast"
2026-05-02,939.675557667788,"Forecast"
2026-05-03,940.427988847374,"Forecast"
2026-05-04,941.18042002696,"Forecast"
2026-05-05,941.932851206546,"Forecast"
2026-05-06,942.685282386132,"Forecast"
2026-05-07,943.437713565718,"Forecast"
2026-05-08,944.190144745304,"Forecast"
2026-05-09,944.94257592489,"Forecast"
2026-05-10,945.695007104477,"Forecast"
2026-05-11,946.447438284063,"Forecast"
2026-05-12,947.199869463649,"Forecast"
2026-05-13,947.952300643235,"Forecast"
2026-05-14,948.704731822821,"Forecast"
2026-05-15,949.457163002407,"Forecast"
2026-05-16,950.209594181993,"Forecast"
2026-05-17,950.962025361579,"Forecast"
2026-05-18,951.714456541165,"Forecast"
2026-05-19,952.466887720751,"Forecast"
2026-05-20,953.219318900337,"Forecast"
2026-05-21,953.971750079924,"Forecast"
2026-05-22,954.72418125951,"Forecast"
2026-05-23,955.476612439096,"Forecast"
2026-05-24,956.229043618682,"Forecast"
2026-05-25,956.981474798268,"Forecast"
2026-05-26,957.733905977854,"Forecast"
2026-05-27,958.48633715744,"Forecast"
2026-05-28,959.238768337026,"Forecast"
2026-05-29,959.991199516612,"Forecast"
2026-05-30,960.743630696198,"Forecast"
2026-05-31,961.496061875785,"Forecast"
2026-06-01,962.248493055371,"Forecast"
2026-06-02,963.000924234957,"Forecast"
2026-06-03,963.753355414543,"Forecast"
2026-06-04,964.505786594129,"Forecast"
2026-06-05,965.258217773715,"Forecast"
2026-06-06,966.010648953301,"Forecast"
2026-06-07,966.763080132887,"Forecast"
2026-06-08,967.515511312473,"Forecast"
2026-06-09,968.267942492059,"Forecast"
2026-06-10,969.020373671646,"Forecast"
2026-06-11,969.772804851232,"Forecast"
2026-06-12,970.525236030818,"Forecast"
2026-06-13,971.277667210404,"Forecast"
2026-06-14,972.03009838999,"Forecast"
2026-06-15,972.782529569576,"Forecast"
2026-06-16,973.534960749162,"Forecast"
2026-06-17,974.287391928748,"Forecast"
2026-06-18,975.039823108334,"Forecast"
2026-06-19,975.79225428792,"Forecast"
2026-06-20,976.544685467506,"Forecast"
2026-06-21,977.297116647093,"Forecast"
2026-06-22,978.049547826679,"Forecast"
2026-06-23,978.801979006265,"Forecast"
2026-06-24,979.554410185851,"Forecast"
2026-06-25,980.306841365437,"Forecast"
2026-06-26,981.059272545023,"Forecast"
2026-06-27,981.811703724609,"Forecast"
2026-06-28,982.564134904195,"Forecast"
2026-06-29,983.316566083781,"Forecast"
2026-06-30,984.068997263367,"Forecast"
2026-07-01,984.821428442954,"Forecast"
2026-07-02,985.57385962254,"Forecast"
2026-07-03,986.326290802126,"Forecast"
2026-07-04,987.078721981712,"Forecast"
2026-07-05,987.831153161298,"Forecast"
2026-07-06,988.583584340884,"Forecast"
2026-07-07,989.33601552047,"Forecast"
2026-07-08,990.088446700056,"Forecast"
2026-07-09,990.840877879642,"Forecast"
2026-07-10,991.593309059228,"Forecast"
2026-07-11,992.345740238815,"Forecast"
2026-07-12,993.098171418401,"Forecast"
2026-07-13,993.850602597987,"Forecast"
2026-07-14,994.603033777573,"Forecast"
2026-07-15,995.355464957159,"Forecast"
2026-07-16,996.107896136745,"Forecast"
2026-07-17,996.860327316331,"Forecast"
2026-07-18,997.612758495917,"Forecast"
2026-07-19,998.365189675503,"Forecast"
2026-07-20,999.117620855089,"Forecast"
2026-07-21,999.870052034675,"Forecast"
2026-07-22,1000.62248321426,"Forecast"
2026-07-23,1001.37491439385,"Forecast"
2026-07-24,1002.12734557343,"Forecast"
2026-07-25,1002.87977675302,"Forecast"
2026-07-26,1003.63220793261,"Forecast"
2026-07-27,1004.38463911219,"Forecast"
2026-07-28,1005.13707029178,"Forecast"
2026-07-29,1005.88950147136,"Forecast"
2026-07-30,1006.64193265095,"Forecast"
2026-07-31,1007.39436383054,"Forecast"
2026-08-01,1008.14679501012,"Forecast"
2026-08-02,1008.89922618971,"Forecast"
2026-08-03,1009.65165736929,"Forecast"
2026-08-04,1010.40408854888,"Forecast"
2026-08-05,1011.15651972847,"Forecast"
2026-08-06,1011.90895090805,"Forecast"
2026-08-07,1012.66138208764,"Forecast"
2026-08-08,1013.41381326723,"Forecast"
2026-08-09,1014.16624444681,"Forecast"
2026-08-10,1014.9186756264,"Forecast"
2026-08-11,1015.67110680598,"Forecast"
2026-08-12,1016.42353798557,"Forecast"
2026-08-13,1017.17596916516,"Forecast"
2026-08-14,1017.92840034474,"Forecast"
2026-08-15,1018.68083152433,"Forecast"
2026-08-16,1019.43326270391,"Forecast"
2026-08-17,1020.1856938835,"Forecast"
2026-08-18,1020.93812506309,"Forecast"
2026-08-19,1021.69055624267,"Forecast"
2026-08-20,1022.44298742226,"Forecast"
2026-08-21,1023.19541860184,"Forecast"
2026-08-22,1023.94784978143,"Forecast"
2026-08-23,1024.70028096102,"Forecast"
2026-08-24,1025.4527121406,"Forecast"
2026-08-25,1026.20514332019,"Forecast"
2026-08-26,1026.95757449977,"Forecast"
2026-08-27,1027.71000567936,"Forecast"
2026-08-28,1028.46243685895,"Forecast"
2026-08-29,1029.21486803853,"Forecast"
2026-08-30,1029.96729921812,"Forecast"
2026-08-31,1030.7197303977,"Forecast"
2026-09-01,1031.47216157729,"Forecast"
2026-09-02,1032.22459275688,"Forecast"
2026-09-03,1032.97702393646,"Forecast"
2026-09-04,1033.72945511605,"Forecast"
2026-09-05,1034.48188629563,"Forecast"
2026-09-06,1035.23431747522,"Forecast"
2026-09-07,1035.98674865481,"Forecast"
2026-09-08,1036.73917983439,"Forecast"
2026-09-09,1037.49161101398,"Forecast"
2026-09-10,1038.24404219356,"Forecast"
2026-09-11,1038.99647337315,"Forecast"
2026-09-12,1039.74890455274,"Forecast"
2026-09-13,1040.50133573232,"Forecast"
2026-09-14,1041.25376691191,"Forecast"
2026-09-15,1042.00619809149,"Forecast"
2026-09-16,1042.75862927108,"Forecast"
2026-09-17,1043.51106045067,"Forecast"
2026-09-18,1044.26349163025,"Forecast"
2026-09-19,1045.01592280984,"Forecast"
2026-09-20,1045.76835398942,"Forecast"
2026-09-21,1046.52078516901,"Forecast"
2026-09-22,1047.2732163486,"Forecast"
2026-09-23,1048.02564752818,"Forecast"
2026-09-24,1048.77807870777,"Forecast"
2026-09-25,1049.53050988735,"Forecast"
2026-09-26,1050.28294106694,"Forecast"
2026-09-27,1051.03537224653,"Forecast"
2026-09-28,1051.78780342611,"Forecast"
2026-09-29,1052.5402346057,"Forecast"
2026-09-30,1053.29266578528,"Forecast"
2026-10-01,1054.04509696487,"Forecast"
2026-10-02,1054.79752814446,"Forecast"
2026-10-03,1055.54995932404,"Forecast"
2026-10-04,1056.30239050363,"Forecast"
2026-10-05,1057.05482168321,"Forecast"
2026-10-06,1057.8072528628,"Forecast"
2026-10-07,1058.55968404239,"Forecast"
2026-10-08,1059.31211522197,"Forecast"
2026-10-09,1060.06454640156,"Forecast"
2026-10-10,1060.81697758114,"Forecast"
2026-10-11,1061.56940876073,"Forecast"
2026-10-12,1062.32183994032,"Forecast"
2026-10-13,1063.0742711199,"Forecast"
2026-10-14,1063.82670229949,"Forecast"
2026-10-15,1064.57913347907,"Forecast"
2026-10-16,1065.33156465866,"Forecast"
2026-10-17,1066.08399583825,"Forecast"
2026-10-18,1066.83642701783,"Forecast"
2026-10-19,1067.58885819742,"Forecast"
2026-10-20,1068.341289377,"Forecast"
2026-10-21,1069.09372055659,"Forecast"
2026-10-22,1069.84615173618,"Forecast"
2026-10-23,1070.59858291576,"Forecast"
2026-10-24,1071.35101409535,"Forecast"
2026-10-25,1072.10344527493,"Forecast"
2026-10-26,1072.85587645452,"Forecast"
2026-10-27,1073.60830763411,"Forecast"
2026-10-28,1074.36073881369,"Forecast"
2026-10-29,1075.11316999328,"Forecast"
2026-10-30,1075.86560117286,"Forecast"
2026-10-31,1076.61803235245,"Forecast"
2026-11-01,1077.37046353204,"Forecast"
2026-11-02,1078.12289471162,"Forecast"
2026-11-03,1078.87532589121,"Forecast"
2026-11-04,1079.62775707079,"Forecast"
2026-11-05,1080.38018825038,"Forecast"
2026-11-06,1081.13261942997,"Forecast"
2026-11-07,1081.88505060955,"Forecast"
2026-11-08,1082.63748178914,"Forecast"
2026-11-09,1083.38991296872,"Forecast"
2026-11-10,1084.14234414831,"Forecast"
2026-11-11,1084.8947753279,"Forecast"
2026-11-12,1085.64720650748,"Forecast"
2026-11-13,1086.39963768707,"Forecast"
2026-11-14,1087.15206886665,"Forecast"
2026-11-15,1087.90450004624,"Forecast"
2026-11-16,1088.65693122583,"Forecast"
2026-11-17,1089.40936240541,"Forecast"
2026-11-18,1090.161793585,"Forecast"
2026-11-19,1090.91422476458,"Forecast"
2026-11-20,1091.66665594417,"Forecast"
2026-11-21,1092.41908712376,"Forecast"
2026-11-22,1093.17151830334,"Forecast"
2026-11-23,1093.92394948293,"Forecast"
2026-11-24,1094.67638066251,"Forecast"
2026-11-25,1095.4288118421,"Forecast"
2026-11-26,1096.18124302169,"Forecast"
2026-11-27,1096.93367420127,"Forecast"
2026-11-28,1097.68610538086,"Forecast"
2026-11-29,1098.43853656044,"Forecast"
2026-11-30,1099.19096774003,"Forecast"
2026-12-01,1099.94339891961,"Forecast"
2026-12-02,1100.6958300992,"Forecast"
2026-12-03,1101.44826127879,"Forecast"
2026-12-04,1102.20069245837,"Forecast"
2026-12-05,1102.95312363796,"Forecast"
2026-12-06,1103.70555481754,"Forecast"
2026-12-07,1104.45798599713,"Forecast"
2026-12-08,1105.21041717672,"Forecast"
2026-12-09,1105.9628483563,"Forecast"
2026-12-10,1106.71527953589,"Forecast"
2026-12-11,1107.46771071547,"Forecast"
2026-12-12,1108.22014189506,"Forecast"
2026-12-13,1108.97257307465,"Forecast"
2026-12-14,1109.72500425423,"Forecast"
2026-12-15,1110.47743543382,"Forecast"
2026-12-16,1111.2298666134,"Forecast"
2026-12-17,1111.98229779299,"Forecast"
2026-12-18,1112.73472897258,"Forecast"
2026-12-19,1113.48716015216,"Forecast"
2026-12-20,1114.23959133175,"Forecast"
2026-12-21,1114.99202251133,"Forecast"
2026-12-22,1115.74445369092,"Forecast"
2026-12-23,1116.49688487051,"Forecast"
2026-12-24,1117.24931605009,"Forecast"
2026-12-25,1118.00174722968,"Forecast"
2026-12-26,1118.75417840926,"Forecast"
2026-12-27,1119.50660958885,"Forecast"
2026-12-28,1120.25904076844,"Forecast"
2026-12-29,1121.01147194802,"Forecast"
2026-12-30,1121.76390312761,"Forecast"
2026-12-31,1122.51633430719,"Forecast"
2027-01-01,1123.26876548678,"Forecast"
2027-01-02,1124.02119666637,"Forecast"
2027-01-03,1124.77362784595,"Forecast"
2027-01-04,1125.52605902554,"Forecast"
2027-01-05,1126.27849020512,"Forecast"
2027-01-06,1127.03092138471,"Forecast"
2027-01-07,1127.7833525643,"Forecast"
2027-01-08,1128.53578374388,"Forecast"
2027-01-09,1129.28821492347,"Forecast"
2027-01-10,1130.04064610305,"Forecast"
2027-01-11,1130.79307728264,"Forecast"
2027-01-12,1131.54550846223,"Forecast"
2027-01-13,1132.29793964181,"Forecast"
2027-01-14,1133.0503708214,"Forecast"
2027-01-15,1133.80280200098,"Forecast"
2027-01-16,1134.55523318057,"Forecast"
2027-01-17,1135.30766436016,"Forecast"
2027-01-18,1136.06009553974,"Forecast"
2027-01-19,1136.81252671933,"Forecast"
2027-01-20,1137.56495789891,"Forecast"
2027-01-21,1138.3173890785,"Forecast"
2027-01-22,1139.06982025809,"Forecast"
2027-01-23,1139.82225143767,"Forecast"
2027-01-24,1140.57468261726,"Forecast"
2027-01-25,1141.32711379684,"Forecast"
2027-01-26,1142.07954497643,"Forecast"
2027-01-27,1142.83197615602,"Forecast"
2027-01-28,1143.5844073356,"Forecast"
2027-01-29,1144.33683851519,"Forecast"
2027-01-30,1145.08926969477,"Forecast"
2027-01-31,1145.84170087436,"Forecast"
2027-02-01,1146.59413205395,"Forecast"
2027-02-02,1147.34656323353,"Forecast"
2027-02-03,1148.09899441312,"Forecast"
2027-02-04,1148.8514255927,"Forecast"
2027-02-05,1149.60385677229,"Forecast"
2027-02-06,1150.35628795188,"Forecast"
2027-02-07,1151.10871913146,"Forecast"
2027-02-08,1151.86115031105,"Forecast"
2027-02-09,1152.61358149063,"Forecast"
2027-02-10,1153.36601267022,"Forecast"
2027-02-11,1154.11844384981,"Forecast"
2027-02-12,1154.87087502939,"Forecast"
2027-02-13,1155.62330620898,"Forecast"
2027-02-14,1156.37573738856,"Forecast"
2027-02-15,1157.12816856815,"Forecast"
2027-02-16,1157.88059974774,"Forecast"
2027-02-17,1158.63303092732,"Forecast"
2027-02-18,1159.38546210691,"Forecast"
2027-02-19,1160.13789328649,"Forecast"
2027-02-20,1160.89032446608,"Forecast"
2027-02-21,1161.64275564567,"Forecast"
2027-02-22,1162.39518682525,"Forecast"
2027-02-23,1163.14761800484,"Forecast"
2027-02-24,1163.90004918442,"Forecast"
2027-02-25,1164.65248036401,"Forecast"
2027-02-26,1165.4049115436,"Forecast"
2027-02-27,1166.15734272318,"Forecast"
2027-02-28,1166.90977390277,"Forecast"
2027-03-01,1167.66220508235,"Forecast"
2027-03-02,1168.41463626194,"Forecast"
2027-03-03,1169.16706744153,"Forecast"
2027-03-04,1169.91949862111,"Forecast"
2027-03-05,1170.6719298007,"Forecast"
2027-03-06,1171.42436098028,"Forecast"
2027-03-07,1172.17679215987,"Forecast"
2027-03-08,1172.92922333946,"Forecast"
2027-03-09,1173.68165451904,"Forecast"
2027-03-10,1174.43408569863,"Forecast"
2027-03-11,1175.18651687821,"Forecast"
2027-03-12,1175.9389480578,"Forecast"
2027-03-13,1176.69137923739,"Forecast"
2027-03-14,1177.44381041697,"Forecast"
2027-03-15,1178.19624159656,"Forecast"
2027-03-16,1178.94867277614,"Forecast"
2027-03-17,1179.70110395573,"Forecast"
2027-03-18,1180.45353513532,"Forecast"
2027-03-19,1181.2059663149,"Forecast"
2027-03-20,1181.95839749449,"Forecast"
2027-03-21,1182.71082867407,"Forecast"
2027-03-22,1183.46325985366,"Forecast"
2027-03-23,1184.21569103325,"Forecast"
2027-03-24,1184.96812221283,"Forecast"
2027-03-25,1185.72055339242,"Forecast"
2027-03-26,1186.472984572,"Forecast"
2027-03-27,1187.22541575159,"Forecast"
2027-03-28,1187.97784693118,"Forecast"
2027-03-29,1188.73027811076,"Forecast"
2027-03-30,1189.48270929035,"Forecast"
2027-03-31,1190.23514046993,"Forecast"
2027-04-01,1190.98757164952,"Forecast"
2027-04-02,1191.7400028291,"Forecast"
2027-04-03,1192.49243400869,"Forecast"
2027-04-04,1193.24486518828,"Forecast"
2027-04-05,1193.99729636786,"Forecast"
2027-04-06,1194.74972754745,"Forecast"
2027-04-07,1195.50215872703,"Forecast"
2027-04-08,1196.25458990662,"Forecast"
2027-04-09,1197.00702108621,"Forecast"
2027-04-10,1197.75945226579,"Forecast"
2027-04-11,1198.51188344538,"Forecast"
2027-04-12,1199.26431462496,"Forecast"
2027-04-13,1200.01674580455,"Forecast"
2027-04-14,1200.76917698414,"Forecast"
2027-04-15,1201.52160816372,"Forecast"
2027-04-16,1202.27403934331,"Forecast"
2027-04-17,1203.02647052289,"Forecast"
2027-04-18,1203.77890170248,"Forecast"
2027-04-19,1204.53133288207,"Forecast"
2027-04-20,1205.28376406165,"Forecast"
2027-04-21,1206.03619524124,"Forecast"
2027-04-22,1206.78862642082,"Forecast"
2027-04-23,1207.54105760041,"Forecast"
2027-04-24,1208.29348878,"Forecast"
2027-04-25,1209.04591995958,"Forecast"
2027-04-26,1209.79835113917,"Forecast"
2027-04-27,1210.55078231875,"Forecast"
2027-04-28,1211.30321349834,"Forecast"
2027-04-29,1212.05564467793,"Forecast"
2027-04-30,1212.80807585751,"Forecast"
2027-05-01,1213.5605070371,"Forecast"
2027-05-02,1214.31293821668,"Forecast"
2027-05-03,1215.06536939627,"Forecast"
2027-05-04,1215.81780057586,"Forecast"
2027-05-05,1216.57023175544,"Forecast"
2027-05-06,1217.32266293503,"Forecast"
2027-05-07,1218.07509411461,"Forecast"
2027-05-08,1218.8275252942,"Forecast"
2027-05-09,1219.57995647379,"Forecast"
2027-05-10,1220.33238765337,"Forecast"
2027-05-11,1221.08481883296,"Forecast"
2027-05-12,1221.83725001254,"Forecast"
2027-05-13,1222.58968119213,"Forecast"
2027-05-14,1223.34211237172,"Forecast"
2027-05-15,1224.0945435513,"Forecast"
2027-05-16,1224.84697473089,"Forecast"
2027-05-17,1225.59940591047,"Forecast"
2027-05-18,1226.35183709006,"Forecast"
2027-05-19,1227.10426826965,"Forecast"
2027-05-20,1227.85669944923,"Forecast"
2027-05-21,1228.60913062882,"Forecast"
2027-05-22,1229.3615618084,"Forecast"
2027-05-23,1230.11399298799,"Forecast"
2027-05-24,1230.86642416758,"Forecast"
2027-05-25,1231.61885534716,"Forecast"
2027-05-26,1232.37128652675,"Forecast"
2027-05-27,1233.12371770633,"Forecast"
2027-05-28,1233.87614888592,"Forecast"
2027-05-29,1234.62858006551,"Forecast"
2027-05-30,1235.38101124509,"Forecast"
2027-05-31,1236.13344242468,"Forecast"
2027-06-01,1236.88587360426,"Forecast"
2027-06-02,1237.63830478385,"Forecast"
2027-06-03,1238.39073596344,"Forecast"
2027-06-04,1239.14316714302,"Forecast"
2027-06-05,1239.89559832261,"Forecast"
2027-06-06,1240.64802950219,"Forecast"
2027-06-07,1241.40046068178,"Forecast"
2027-06-08,1242.15289186137,"Forecast"
2027-06-09,1242.90532304095,"Forecast"
2027-06-10,1243.65775422054,"Forecast"
2027-06-11,1244.41018540012,"Forecast"
2027-06-12,1245.16261657971,"Forecast"
2027-06-13,1245.9150477593,"Forecast"
2027-06-14,1246.66747893888,"Forecast"
2027-06-15,1247.41991011847,"Forecast"
2027-06-16,1248.17234129805,"Forecast"
2027-06-17,1248.92477247764,"Forecast"
2027-06-18,1249.67720365723,"Forecast"
2027-06-19,1250.42963483681,"Forecast"
2027-06-20,1251.1820660164,"Forecast"
2027-06-21,1251.93449719598,"Forecast"
2027-06-22,1252.68692837557,"Forecast"
2027-06-23,1253.43935955516,"Forecast"
2027-06-24,1254.19179073474,"Forecast"
2027-06-25,1254.94422191433,"Forecast"
2027-06-26,1255.69665309391,"Forecast"
2027-06-27,1256.4490842735,"Forecast"
2027-06-28,1257.20151545309,"Forecast"
2027-06-29,1257.95394663267,"Forecast"
2027-06-30,1258.70637781226,"Forecast"
2027-07-01,1259.45880899184,"Forecast"
2027-07-02,1260.21124017143,"Forecast"
2027-07-03,1260.96367135102,"Forecast"
2027-07-04,1261.7161025306,"Forecast"
2027-07-05,1262.46853371019,"Forecast"
2027-07-06,1263.22096488977,"Forecast"
2027-07-07,1263.97339606936,"Forecast"
2027-07-08,1264.72582724895,"Forecast"
2027-07-09,1265.47825842853,"Forecast"
2027-07-10,1266.23068960812,"Forecast"
2027-07-11,1266.9831207877,"Forecast"
2027-07-12,1267.73555196729,"Forecast"
2027-07-13,1268.48798314688,"Forecast"
2027-07-14,1269.24041432646,"Forecast"
2027-07-15,1269.99284550605,"Forecast"
2027-07-16,1270.74527668563,"Forecast"
2027-07-17,1271.49770786522,"Forecast"
2027-07-18,1272.25013904481,"Forecast"
2027-07-19,1273.00257022439,"Forecast"
2027-07-20,1273.75500140398,"Forecast"
2027-07-21,1274.50743258356,"Forecast"
2027-07-22,1275.25986376315,"Forecast"
2027-07-23,1276.01229494274,"Forecast"
2027-07-24,1276.76472612232,"Forecast"
2027-07-25,1277.51715730191,"Forecast"
2027-07-26,1278.26958848149,"Forecast"
2027-07-27,1279.02201966108,"Forecast"
2027-07-28,1279.77445084066,"Forecast"
2027-07-29,1280.52688202025,"Forecast"
2027-07-30,1281.27931319984,"Forecast"
2027-07-31,1282.03174437942,"Forecast"
2027-08-01,1282.78417555901,"Forecast"
2027-08-02,1283.53660673859,"Forecast"
2027-08-03,1284.28903791818,"Forecast"
2027-08-04,1285.04146909777,"Forecast"
2027-08-05,1285.79390027735,"Forecast"
2027-08-06,1286.54633145694,"Forecast"
2027-08-07,1287.29876263652,"Forecast"
2027-08-08,1288.05119381611,"Forecast"
2027-08-09,1288.8036249957,"Forecast"
2027-08-10,1289.55605617528,"Forecast"
2027-08-11,1290.30848735487,"Forecast"
2027-08-12,1291.06091853445,"Forecast"
2027-08-13,1291.81334971404,"Forecast"
2027-08-14,1292.56578089363,"Forecast"
2027-08-15,1293.31821207321,"Forecast"
2027-08-16,1294.0706432528,"Forecast"
2027-08-17,1294.82307443238,"Forecast"
2027-08-18,1295.57550561197,"Forecast"
2027-08-19,1296.32793679156,"Forecast"
2027-08-20,1297.08036797114,"Forecast"
2027-08-21,1297.83279915073,"Forecast"
2027-08-22,1298.58523033031,"Forecast"
2027-08-23,1299.3376615099,"Forecast"
2027-08-24,1300.09009268949,"Forecast"
2027-08-25,1300.84252386907,"Forecast"
2027-08-26,1301.59495504866,"Forecast"
2027-08-27,1302.34738622824,"Forecast"
2027-08-28,1303.09981740783,"Forecast"
2027-08-29,1303.85224858742,"Forecast"
2027-08-30,1304.604679767,"Forecast"
2027-08-31,1305.35711094659,"Forecast"
2027-09-01,1306.10954212617,"Forecast"
2027-09-02,1306.86197330576,"Forecast"
2027-09-03,1307.61440448535,"Forecast"
2027-09-04,1308.36683566493,"Forecast"
2027-09-05,1309.11926684452,"Forecast"
2027-09-06,1309.8716980241,"Forecast"
2027-09-07,1310.62412920369,"Forecast"
2027-09-08,1311.37656038328,"Forecast"
2027-09-09,1312.12899156286,"Forecast"
2027-09-10,1312.88142274245,"Forecast"
2027-09-11,1313.63385392203,"Forecast"
2027-09-12,1314.38628510162,"Forecast"
2027-09-13,1315.13871628121,"Forecast"
2027-09-14,1315.89114746079,"Forecast"
2027-09-15,1316.64357864038,"Forecast"
2027-09-16,1317.39600981996,"Forecast"
2027-09-17,1318.14844099955,"Forecast"
2027-09-18,1318.90087217914,"Forecast"
2027-09-19,1319.65330335872,"Forecast"
2027-09-20,1320.40573453831,"Forecast"
2027-09-21,1321.15816571789,"Forecast"
2027-09-22,1321.91059689748,"Forecast"
2027-09-23,1322.66302807707,"Forecast"
2027-09-24,1323.41545925665,"Forecast"
2027-09-25,1324.16789043624,"Forecast"
2027-09-26,1324.92032161582,"Forecast"
2027-09-27,1325.67275279541,"Forecast"
2027-09-28,1326.425183975,"Forecast"
2027-09-29,1327.17761515458,"Forecast"
2027-09-30,1327.93004633417,"Forecast"
2027-10-01,1328.68247751375,"Forecast"
2027-10-02,1329.43490869334,"Forecast"
2027-10-03,1330.18733987293,"Forecast"
2027-10-04,1330.93977105251,"Forecast"
2027-10-05,1331.6922022321,"Forecast"
2027-10-06,1332.44463341168,"Forecast"
2027-10-07,1333.19706459127,"Forecast"
2027-10-08,1333.94949577086,"Forecast"
2027-10-09,1334.70192695044,"Forecast"
2027-10-10,1335.45435813003,"Forecast"
2027-10-11,1336.20678930961,"Forecast"
2027-10-12,1336.9592204892,"Forecast"
2027-10-13,1337.71165166879,"Forecast"
2027-10-14,1338.46408284837,"Forecast"
2027-10-15,1339.21651402796,"Forecast"
2027-10-16,1339.96894520754,"Forecast"
2027-10-17,1340.72137638713,"Forecast"
2027-10-18,1341.47380756672,"Forecast"
2027-10-19,1342.2262387463,"Forecast"
2027-10-20,1342.97866992589,"Forecast"
2027-10-21,1343.73110110547,"Forecast"
2027-10-22,1344.48353228506,"Forecast"
2027-10-23,1345.23596346465,"Forecast"
2027-10-24,1345.98839464423,"Forecast"
2027-10-25,1346.74082582382,"Forecast"
2027-10-26,1347.4932570034,"Forecast"
2027-10-27,1348.24568818299,"Forecast"
2027-10-28,1348.99811936258,"Forecast"
2027-10-29,1349.75055054216,"Forecast"
2027-10-30,1350.50298172175,"Forecast"
2027-10-31,1351.25541290133,"Forecast"
2027-11-01,1352.00784408092,"Forecast"
2027-11-02,1352.76027526051,"Forecast"
2027-11-03,1353.51270644009,"Forecast"
2027-11-04,1354.26513761968,"Forecast"
2027-11-05,1355.01756879926,"Forecast"
2027-11-06,1355.76999997885,"Forecast"
2027-11-07,1356.52243115844,"Forecast"
2027-11-08,1357.27486233802,"Forecast"
2027-11-09,1358.02729351761,"Forecast"
2027-11-10,1358.77972469719,"Forecast"
2027-11-11,1359.53215587678,"Forecast"
2027-11-12,1360.28458705637,"Forecast"
2027-11-13,1361.03701823595,"Forecast"
2027-11-14,1361.78944941554,"Forecast"
2027-11-15,1362.54188059512,"Forecast"
2027-11-16,1363.29431177471,"Forecast"
2027-11-17,1364.0467429543,"Forecast"
2027-11-18,1364.79917413388,"Forecast"
2027-11-19,1365.55160531347,"Forecast"
2027-11-20,1366.30403649305,"Forecast"
2027-11-21,1367.05646767264,"Forecast"
2027-11-22,1367.80889885222,"Forecast"
2027-11-23,1368.56133003181,"Forecast"
2027-11-24,1369.3137612114,"Forecast"
2027-11-25,1370.06619239098,"Forecast"
2027-11-26,1370.81862357057,"Forecast"
2027-11-27,1371.57105475015,"Forecast"
2027-11-28,1372.32348592974,"Forecast"
2027-11-29,1373.07591710933,"Forecast"
2027-11-30,1373.82834828891,"Forecast"
2027-12-01,1374.5807794685,"Forecast"
2027-12-02,1375.33321064808,"Forecast"
2027-12-03,1376.08564182767,"Forecast"
2027-12-04,1376.83807300726,"Forecast"
2027-12-05,1377.59050418684,"Forecast"
2027-12-06,1378.34293536643,"Forecast"
2027-12-07,1379.09536654601,"Forecast"
2027-12-08,1379.8477977256,"Forecast"
2027-12-09,1380.60022890519,"Forecast"
2027-12-10,1381.35266008477,"Forecast"
2027-12-11,1382.10509126436,"Forecast"
2027-12-12,1382.85752244394,"Forecast"
2027-12-13,1383.60995362353,"Forecast"
2027-12-14,1384.36238480312,"Forecast"
2027-12-15,1385.1148159827,"Forecast"
2027-12-16,1385.86724716229,"Forecast"
2027-12-17,1386.61967834187,"Forecast"
2027-12-18,1387.37210952146,"Forecast"
2027-12-19,1388.12454070105,"Forecast"
2027-12-20,1388.87697188063,"Forecast"
2027-12-21,1389.62940306022,"Forecast"
2027-12-22,1390.3818342398,"Forecast"
2027-12-23,1391.13426541939,"Forecast"
2027-12-24,1391.88669659898,"Forecast"
2027-12-25,1392.63912777856,"Forecast"
2027-12-26,1393.39155895815,"Forecast"
2027-12-27,1394.14399013773,"Forecast"
2027-12-28,1394.89642131732,"Forecast"
2027-12-29,1395.64885249691,"Forecast"
2027-12-30,1396.40128367649,"Forecast"
2027-12-31,1397.15371485608,"Forecast"
2028-01-01,1397.90614603566,"Forecast"
2028-01-02,1398.65857721525,"Forecast"
2028-01-03,1399.41100839484,"Forecast"
2028-01-04,1400.16343957442,"Forecast"
2028-01-05,1400.91587075401,"Forecast"
2028-01-06,1401.66830193359,"Forecast"
2028-01-07,1402.42073311318,"Forecast"
2028-01-08,1403.17316429277,"Forecast"
2028-01-09,1403.92559547235,"Forecast"
2028-01-10,1404.67802665194,"Forecast"
2028-01-11,1405.43045783152,"Forecast"
2028-01-12,1406.18288901111,"Forecast"
2028-01-13,1406.9353201907,"Forecast"
2028-01-14,1407.68775137028,"Forecast"
2028-01-15,1408.44018254987,"Forecast"
2028-01-16,1409.19261372945,"Forecast"
2028-01-17,1409.94504490904,"Forecast"
2028-01-18,1410.69747608863,"Forecast"
2028-01-19,1411.44990726821,"Forecast"
2028-01-20,1412.2023384478,"Forecast"
2028-01-21,1412.95476962738,"Forecast"
2028-01-22,1413.70720080697,"Forecast"
2028-01-23,1414.45963198656,"Forecast"
2028-01-24,1415.21206316614,"Forecast"
2028-01-25,1415.96449434573,"Forecast"
2028-01-26,1416.71692552531,"Forecast"
2028-01-27,1417.4693567049,"Forecast"
2028-01-28,1418.22178788449,"Forecast"
2028-01-29,1418.97421906407,"Forecast"
2028-01-30,1419.72665024366,"Forecast"
2028-01-31,1420.47908142324,"Forecast"
2028-02-01,1421.23151260283,"Forecast"
2028-02-02,1421.98394378242,"Forecast"
2028-02-03,1422.736374962,"Forecast"
2028-02-04,1423.48880614159,"Forecast"
2028-02-05,1424.24123732117,"Forecast"
2028-02-06,1424.99366850076,"Forecast"
2028-02-07,1425.74609968035,"Forecast"
2028-02-08,1426.49853085993,"Forecast"
2028-02-09,1427.25096203952,"Forecast"
